{
  "generator-angular-fullstack": {
    "insertRoutes": true,
    "registerRoutesFile": "server/routes.js",
    "routesNeedle": "// Insert routes below",
    "routesBase": "/api/",
    "pluralizeRoutes": true,
    "insertSockets": true,
    "registerSocketsFile": "server/config/socketio.js",
    "socketsNeedle": "// Insert sockets below",
    "filters": {
      "js": true,
      "html": true,
      "css": true,
      "uirouter": true,
      "bootstrap": true,
      "uibootstrap": true,
      "mongoose": true
    }
  },
  "generator-ng-component": {
    "routeDirectory": "client/app/",
    "directiveDirectory": "client/app/",
    "filterDirectory": "client/app/",
    "serviceDirectory": "client/app/",
    "basePath": "client",
    "filters": [
      "uirouter"
    ],
    "extensions": [
      "js",
      "html",
      "css"
    ]
  }
}